Genotype,Actual Mahalanobis Distance,Sampled Mahalanobis Distance,P-Value
High-Severity,7.874466036404469,9.133916599280418,1.0964143600337194e-35
Low-Severity,6.549257169182537,9.133929072902403,1.4977642897787078e-109
Wild Type,10.91040663213425,9.133879430042565,2.1966903328645545e-28
