Genotype,Actual Mahalanobis Distance,Sampled Mahalanobis Distance,P-Value
High-Severity,13.031462562016376,17.91196455859935,2.4882135505138435e-05
Low-Severity,20.82320956626853,17.478510669699528,8.790401101708225e-15
Wild Type,11.534309928661042,17.920903813730057,6.255905360364095e-38
