Genotype,Actual Mahalanobis Distance,Sampled Mahalanobis Distance,P-Value
High-Severity,7.874466036404469,9.133651185655124,1.130564071748539e-35
Low-Severity,6.549257169182537,9.133804287146749,1.5267848103181883e-109
Wild Type,10.91040663213425,9.133790219607452,2.1839772762835533e-28
