Genotype,Actual Mahalanobis Distance,Sampled Mahalanobis Distance,P-Value
High-Severity,8.097040543955758,9.13384667315928,3.5534801083738095e-19
Low-Severity,9.470999807830797,9.133853004815009,0.0009308393786143757
Wild Type,11.67177275625835,9.133684945199448,9.19003978600622e-63
